student_id,name,grade,city,math_score,python_score,hours_per_week
1,Рита Соколов,11,Санкт-Петербург,66,83,15
2,Маша Семёнов,11,Новосибирск,42,61,4
3,София Лебедев,10,Пермь,80,89,14
4,Оля Голубев,7,Новосибирск,64,58,3
5,Оля Семёнов,9,Казань,,93,15
6,София Богданов,9,Екатеринбург,74,66,10
7,Федя Козлов,8,Самара,72,60,6
8,Лев Голубев,8,Новосибирск,68,61,13
9,Гоша Соколов,7,Тверь,51,73,8
10,Иван Виноградов,11,Тверь,91,88,11
11,Даша Фёдоров,9,Казань,72,62,8
12,Артём Петров,11,Пермь,66,82,11
13,Гоша Козлов,7,Казань,88,97,14
14,Полина Соколов,8,Москва,69,68,10
15,Юля Иванов,11,Москва,47,53,3
16,Федя Михайлов,8,Казань,73,79,11
17,Юля Голубев,8,Санкт-Петербург,66,61,14
18,Матвей Соколов,9,Санкт-Петербург,36,38,1
19,Оля Петров,8,Казань,44,45,9
20,Кирилл Новиков,8,Москва,59,41,2
21,Егор Иванов,9,Санкт-Петербург,84,91,15
22,Егор Петров,7,Москва,32,34,7
23,Оля Иванов,9,Москва,43,52,6
24,Артём Новиков,10,Казань,92,96,13
25,Ульяна Семёнов,10,Казань,54,60,3
26,Маша Голубев,7,Санкт-Петербург,63,77,13
27,Полина Зайцев,8,Санкт-Петербург,51,49,8
28,Иван Павлов,8,Москва,45,49,9
29,Даша Смирнов,11,Москва,77,61,10
30,Алиса Виноградов,9,Самара,59,60,10
31,Гоша Семёнов,11,Санкт-Петербург,83,85,13
32,София Богданов,8,Пермь,67,77,13
33,Петя Кузнецов,7,Казань,37,44,3
34,Егор Морозов,8,Екатеринбург,72,59,15
35,Лев Волков,11,Екатеринбург,71,78,4
36,Женя Воробьёв,8,Новосибирск,74,80,12
37,Иван Иванов,11,Новосибирск,64,74,7
38,Кирилл Фёдоров,10,Пермь,100,95,11
39,Рита Зайцев,11,Санкт-Петербург,82,86,3
40,Федя Иванов,8,Новосибирск,72,67,7
41,Вера Виноградов,10,Пермь,49,53,9
42,Катя Виноградов,9,Казань,91,100,11
43,Юля Волков,9,Санкт-Петербург,30,,3
44,Лев Волков,8,Москва,71,62,5
45,Рита Новиков,10,Москва,52,67,4
46,Лев Михайлов,10,Санкт-Петербург,69,66,12
47,Матвей Голубев,8,Москва,32,45,2
48,Зоя Петров,10,Тверь,66,72,11
49,Гоша Зайцев,11,Тверь,60,43,2
50,Полина Новиков,10,Новосибирск,50,59,7
51,Саша Семёнов,8,Екатеринбург,57,67,4
52,Саша Новиков,7,Москва,80,75,14
53,Вера Богданов,9,Казань,50,46,2
54,Федя Козлов,7,Новосибирск,37,32,3
55,Кирилл Козлов,9,Санкт-Петербург,59,61,3
56,Аня Смирнов,8,Казань,46,41,4
57,Федя Фёдоров,7,Екатеринбург,47,48,7
58,Артём Попов,8,Санкт-Петербург,53,56,4
59,Иван Семёнов,8,Новосибирск,60,54,7
60,Таня Новиков,11,Москва,71,74,2
61,Женя Попов,11,Москва,89,72,8
62,Кирилл Виноградов,9,Пермь,71,60,6
63,Федя Семёнов,7,Казань,65,68,12
64,Зоя Козлов,11,Новосибирск,55,73,10
65,Саша Смирнов,10,Новосибирск,90,80,15
66,Катя Голубев,10,Казань,60,65,2
67,Лиза Волков,7,Москва,30,47,2
68,Юля Соколов,8,Москва,76,84,7
69,София Волков,9,Санкт-Петербург,41,30,3
70,Катя Соколов,8,Тверь,90,80,14
71,Тимур Соколов,7,Москва,34,63,1
72,Петя Лебедев,10,Москва,56,46,5
73,Аня Смирнов,11,Тверь,71,77,13
74,Лиза Кузнецов,8,Новосибирск,72,81,13
75,Никита Соколов,9,Екатеринбург,,50,3
76,Артём Фёдоров,11,Москва,82,82,6
77,Боря Новиков,8,Екатеринбург,34,48,8
78,Рита Новиков,10,Казань,51,53,3
79,Юля Семёнов,9,Санкт-Петербург,65,70,2
80,Даша Михайлов,7,Казань,54,,15
81,Юля Соколов,10,Санкт-Петербург,51,59,1
82,Вера Козлов,8,Новосибирск,63,62,15
83,Оля Семёнов,9,Казань,58,73,1
84,Федя Козлов,11,Санкт-Петербург,80,59,10
85,Аня Кузнецов,10,Новосибирск,65,70,13
86,Алиса Богданов,7,Казань,50,60,4
87,Вера Кузнецов,7,Санкт-Петербург,50,65,13
88,Кирилл Михайлов,7,Тверь,50,49,8
89,Матвей Павлов,8,Санкт-Петербург,63,70,13
90,Аня Голубев,9,Новосибирск,80,88,15
91,Аня Морозов,9,Тверь,64,58,6
92,Иван Лебедев,10,Москва,100,100,15
93,Гоша Павлов,11,Новосибирск,100,100,11
94,Иван Петров,10,Москва,57,63,3
95,Рита Семёнов,8,Екатеринбург,55,68,1
96,Оля Морозов,10,Екатеринбург,71,60,10
97,Рита Смирнов,9,Екатеринбург,90,77,8
98,Матвей Михайлов,9,Санкт-Петербург,63,63,4
99,Яна Волков,11,Екатеринбург,77,81,11
100,Аня Фёдоров,7,Москва,61,56,5
101,Кирилл Кузнецов,11,Санкт-Петербург,55,58,6
102,Полина Петров,10,Екатеринбург,75,74,8
103,Егор Лебедев,7,Санкт-Петербург,63,66,4
104,Никита Петров,9,Санкт-Петербург,71,82,5
105,Даша Иванов,8,Казань,90,100,15
106,Федя Богданов,9,Москва,62,62,3
107,Никита Смирнов,7,Пермь,77,71,8
108,Гоша Морозов,7,Москва,76,69,13
109,Лев Голубев,10,Москва,75,73,6
110,Тимур Кузнецов,10,Москва,59,55,12
111,Лев Зайцев,8,Москва,81,70,10
112,Артём Иванов,10,Москва,41,53,1
113,Рита Воробьёв,10,Санкт-Петербург,70,80,3
114,Боря Фёдоров,9,Тверь,63,59,5
115,Артём Соколов,10,Новосибирск,89,97,10
116,Лиза Голубев,7,Тверь,73,80,5
117,Саша Михайлов,11,Казань,61,59,10
118,Гоша Смирнов,8,Санкт-Петербург,49,68,9
119,Гоша Морозов,7,Москва,73,78,11
120,Ульяна Кузнецов,7,Москва,46,49,2
121,Гоша Зайцев,7,Москва,52,49,3
122,Артём Фёдоров,9,Москва,67,90,1
123,Тимур Богданов,7,Санкт-Петербург,46,40,9
124,Никита Петров,10,Тверь,100,100,10
125,Федя Петров,11,Москва,46,52,11
126,Артём Попов,10,Казань,38,46,8
127,Кирилл Новиков,7,Москва,68,,2
128,Артём Кузнецов,10,Екатеринбург,45,60,5
129,Матвей Морозов,8,Казань,47,59,7
130,Матвей Петров,11,Екатеринбург,46,66,4
131,Лев Новиков,7,Самара,56,61,4
132,Маша Новиков,11,Екатеринбург,70,70,2
133,Оля Михайлов,11,Москва,66,57,3
134,Оля Морозов,8,Санкт-Петербург,36,29,2
135,Даша Попов,10,Новосибирск,70,57,6
136,Боря Воробьёв,10,Москва,,51,1
137,Егор Семёнов,7,Казань,57,51,12
138,Полина Зайцев,11,Новосибирск,65,67,10
139,Ульяна Виноградов,7,Санкт-Петербург,37,47,10
140,Таня Виноградов,10,Санкт-Петербург,69,71,14
141,Зоя Воробьёв,7,Екатеринбург,,88,8
142,Маша Зайцев,7,Тверь,58,66,9
143,Женя Попов,7,Новосибирск,43,58,1
144,Матвей Павлов,11,Екатеринбург,86,69,9
145,София Зайцев,8,Санкт-Петербург,33,31,2
146,Петя Кузнецов,7,Тверь,72,59,12
147,Саша Козлов,8,Тверь,,42,5
148,Яна Кузнецов,10,Москва,94,89,9
149,Вера Петров,10,Пермь,95,61,2
150,Полина Морозов,7,Казань,73,,12
151,Юля Семёнов,8,Санкт-Петербург,67,91,13
152,Женя Богданов,10,Санкт-Петербург,48,44,3
153,Петя Павлов,11,Москва,85,89,11
154,Боря Соколов,9,Санкт-Петербург,52,59,6
155,Катя Козлов,7,Москва,76,66,8
156,Вера Волков,8,Москва,84,89,15
157,Боря Новиков,8,Санкт-Петербург,38,49,4
158,Катя Попов,11,Москва,66,69,9
159,Зоя Павлов,7,Москва,54,55,11
160,Гоша Попов,11,Казань,92,96,9
161,Зоя Соколов,9,Екатеринбург,61,59,8
162,Гоша Волков,7,Санкт-Петербург,52,62,11
163,Аня Лебедев,11,Москва,66,77,8
164,Гоша Фёдоров,10,Москва,76,86,11
165,Никита Кузнецов,8,Казань,91,71,9
166,Рита Виноградов,8,Санкт-Петербург,20,21,1
167,Зоя Богданов,9,Санкт-Петербург,100,100,15
168,Никита Воробьёв,10,Санкт-Петербург,27,32,1
169,Тимур Воробьёв,9,Санкт-Петербург,66,76,9
170,Алиса Павлов,11,Москва,80,67,12
171,Кирилл Зайцев,7,Москва,82,73,9
172,Федя Смирнов,7,Казань,84,85,7
173,Вера Виноградов,11,Новосибирск,74,82,13
174,Иван Смирнов,10,Тверь,69,77,8
175,Ульяна Фёдоров,9,Новосибирск,75,94,15
176,Яна Богданов,10,Санкт-Петербург,76,62,5
177,Артём Голубев,7,Казань,87,88,7
178,Федя Семёнов,10,Москва,40,37,1
179,Женя Михайлов,11,Санкт-Петербург,90,91,10
180,Яна Семёнов,10,Казань,87,82,12
181,Тимур Воробьёв,7,Санкт-Петербург,63,87,8
182,Лев Смирнов,10,Москва,79,94,12
183,Рита Иванов,11,Санкт-Петербург,64,59,2
184,Никита Кузнецов,9,Москва,79,84,12
185,Маша Михайлов,9,Казань,66,62,1
186,Никита Фёдоров,10,Пермь,80,75,10
187,Лиза Богданов,10,Казань,60,76,11
188,Женя Попов,11,Москва,53,57,1
189,Лиза Зайцев,10,Москва,91,86,12
190,Федя Кузнецов,9,Казань,64,69,4
191,Егор Виноградов,11,Санкт-Петербург,49,55,6
192,Гоша Павлов,9,Пермь,78,100,15
193,Тимур Лебедев,9,Казань,61,64,12
194,Артём Богданов,11,Казань,,83,14
195,Зоя Воробьёв,11,Тверь,76,78,11
196,Женя Волков,8,Пермь,68,62,6
197,Лиза Семёнов,9,Екатеринбург,54,47,4
198,Матвей Волков,8,Санкт-Петербург,57,48,13
199,Рита Козлов,9,Новосибирск,88,88,15
200,Оля Лебедев,7,Екатеринбург,59,64,8
201,Никита Новиков,10,Екатеринбург,69,87,7
202,Никита Соколов,9,Пермь,44,64,10
203,Егор Лебедев,7,Москва,64,74,9
204,Лиза Кузнецов,11,Москва,67,64,6
205,Гоша Виноградов,7,Самара,45,65,8
206,Егор Павлов,8,Новосибирск,74,64,12
207,Матвей Соколов,8,Москва,35,,1
208,Саша Петров,8,Санкт-Петербург,68,79,13
209,Алиса Морозов,10,Самара,39,40,7
210,Петя Петров,9,Казань,92,92,14
211,Матвей Попов,7,Самара,71,65,4
212,Гоша Голубев,9,Тверь,84,92,12
213,Боря Богданов,9,Москва,53,41,3
214,Юля Иванов,11,Санкт-Петербург,39,65,13
215,Артём Кузнецов,8,Самара,78,73,6
216,Саша Морозов,9,Москва,49,58,2
217,Ульяна Попов,10,Казань,56,51,11
218,Тимур Смирнов,8,Новосибирск,69,72,7
219,Полина Соколов,9,Самара,68,73,11
220,Оля Козлов,11,Санкт-Петербург,68,68,9
221,Таня Морозов,10,Санкт-Петербург,53,71,3
222,Яна Семёнов,8,Пермь,88,79,7
223,Боря Зайцев,7,Екатеринбург,20,49,2
224,Иван Зайцев,11,Москва,95,100,14
225,Лев Морозов,7,Казань,39,44,9
226,Кирилл Козлов,8,Москва,85,85,13
227,Кирилл Козлов,7,Москва,54,60,3
228,Рита Виноградов,9,Санкт-Петербург,66,79,9
229,Женя Павлов,7,Новосибирск,87,81,12
230,Катя Волков,7,Пермь,53,71,9
231,Даша Петров,9,Казань,77,71,10
232,Таня Лебедев,10,Санкт-Петербург,52,53,1
233,Таня Козлов,8,Тверь,50,52,8
234,Саша Морозов,8,Екатеринбург,57,60,2
235,Женя Виноградов,8,Казань,86,100,3
236,Рита Зайцев,10,Самара,51,43,6
237,Полина Михайлов,7,Москва,80,75,12
238,Лев Богданов,11,Москва,53,57,1
239,Таня Воробьёв,7,Пермь,27,40,12
240,Федя Голубев,10,Екатеринбург,72,78,10
241,Матвей Семёнов,10,Москва,41,61,3
242,Иван Зайцев,9,Москва,46,71,2
243,София Волков,8,Москва,100,87,15
244,Аня Кузнецов,11,Москва,78,82,15
245,Юля Волков,11,Самара,52,56,1
246,Матвей Лебедев,11,Санкт-Петербург,77,100,13
247,Яна Петров,9,Москва,72,63,8
248,Оля Иванов,8,Санкт-Петербург,93,100,10
249,Федя Петров,8,Екатеринбург,35,43,11
250,Лиза Смирнов,8,Санкт-Петербург,78,89,2
251,Никита Морозов,11,Екатеринбург,87,75,1
252,Егор Воробьёв,11,Москва,84,100,15
253,Полина Кузнецов,11,Новосибирск,52,47,13
254,Алиса Виноградов,11,Москва,76,66,7
255,Аня Соколов,7,Самара,38,46,14
256,Рита Волков,8,Екатеринбург,37,46,4
257,Егор Павлов,10,Казань,60,,13
258,Никита Зайцев,7,Москва,59,58,9
259,Ульяна Семёнов,10,Санкт-Петербург,33,53,3
260,Иван Козлов,8,Москва,56,51,7
261,Гоша Воробьёв,8,Пермь,50,48,6
262,Таня Попов,11,Москва,52,42,2
263,Катя Новиков,11,Санкт-Петербург,54,58,10
264,Кирилл Воробьёв,10,Новосибирск,89,93,10
265,Тимур Павлов,10,Москва,43,75,13
266,Оля Лебедев,7,Самара,95,81,8
267,Артём Зайцев,8,Москва,48,71,4
268,Лев Воробьёв,10,Москва,37,46,3
269,Лев Смирнов,10,Екатеринбург,78,79,8
270,Яна Павлов,7,Москва,,56,4
271,София Козлов,7,Казань,40,56,1
272,Алиса Новиков,8,Москва,50,44,10
273,Никита Кузнецов,7,Тверь,59,59,3
274,Саша Фёдоров,11,Москва,46,63,2
275,Гоша Голубев,7,Москва,43,28,8
276,Матвей Волков,7,Тверь,74,62,9
277,Катя Волков,9,Москва,71,58,8
278,Боря Зайцев,9,Казань,66,70,10
279,Егор Попов,9,Москва,53,76,7
280,София Голубев,8,Казань,86,89,12
281,Алиса Петров,10,Тверь,53,47,2
282,Яна Новиков,8,Самара,60,73,8
283,Даша Воробьёв,11,Пермь,69,69,14
284,Иван Лебедев,8,Москва,67,67,8
285,Петя Павлов,11,Москва,58,56,4
286,Вера Морозов,9,Самара,59,43,13
287,Гоша Новиков,10,Новосибирск,,63,9
288,Алиса Виноградов,7,Пермь,76,76,4
289,Оля Иванов,8,Казань,61,69,6
290,Яна Волков,11,Санкт-Петербург,94,97,13
291,Оля Семёнов,11,Москва,65,65,10
292,Зоя Петров,11,Тверь,77,69,5
293,Гоша Голубев,11,Новосибирск,77,80,5
294,Рита Морозов,11,Санкт-Петербург,75,82,10
295,София Воробьёв,7,Москва,60,74,12
296,Зоя Новиков,10,Новосибирск,59,69,2
297,Яна Новиков,11,Санкт-Петербург,65,50,1
298,Ульяна Петров,7,Москва,79,70,13
299,Зоя Богданов,11,Санкт-Петербург,86,81,14
300,Рита Семёнов,11,Екатеринбург,60,76,9
301,Саша Новиков,9,Екатеринбург,81,90,6
302,Иван Зайцев,10,Екатеринбург,64,76,8
303,Артём Голубев,9,Казань,57,74,3
304,Ульяна Воробьёв,11,Москва,60,73,8
305,Егор Иванов,8,Тверь,54,52,2
306,Петя Соколов,7,Новосибирск,67,74,15
307,Юля Кузнецов,10,Пермь,65,66,11
308,Рита Петров,8,Санкт-Петербург,61,83,15
309,Рита Соколов,10,Санкт-Петербург,85,81,9
310,Гоша Смирнов,8,Новосибирск,62,65,1
311,Алиса Петров,9,Санкт-Петербург,53,56,1
312,Ульяна Виноградов,7,Новосибирск,64,57,9
313,Яна Новиков,8,Москва,87,,12
314,Полина Новиков,9,Москва,72,,15
315,Вера Козлов,10,Екатеринбург,76,82,10
316,Федя Воробьёв,7,Санкт-Петербург,78,80,12
317,Ульяна Павлов,9,Казань,75,77,11
318,Оля Павлов,11,Самара,65,70,4
319,Федя Воробьёв,11,Москва,80,86,9
320,Катя Михайлов,10,Санкт-Петербург,76,84,9
321,Рита Попов,9,Москва,81,73,8
322,Тимур Семёнов,7,Москва,66,67,4
323,Лиза Козлов,10,Казань,36,45,5
324,Матвей Морозов,10,Екатеринбург,89,93,8
325,Тимур Лебедев,9,Тверь,,85,7
326,Артём Голубев,7,Екатеринбург,53,66,10
327,Таня Попов,10,Москва,49,55,3
328,Маша Фёдоров,11,Москва,76,68,10
329,Даша Морозов,8,Москва,84,77,1
330,Тимур Кузнецов,8,Москва,66,73,2
331,Иван Козлов,9,Самара,62,56,5
332,Катя Воробьёв,7,Санкт-Петербург,70,81,10
333,София Михайлов,8,Казань,82,94,15
334,Маша Павлов,9,Москва,57,73,9
335,Оля Кузнецов,10,Екатеринбург,69,73,4
336,София Соколов,10,Москва,100,88,15
337,Матвей Лебедев,7,Пермь,54,44,7
338,Вера Виноградов,8,Новосибирск,68,65,8
339,Яна Богданов,9,Санкт-Петербург,62,58,8
340,Федя Новиков,11,Санкт-Петербург,55,58,3
341,Вера Михайлов,9,Казань,57,81,8
342,София Соколов,10,Санкт-Петербург,66,64,5
343,Ульяна Виноградов,9,Самара,72,79,11
344,Даша Богданов,11,Казань,74,70,9
345,Боря Морозов,9,Москва,41,67,8
346,Никита Смирнов,8,Пермь,74,79,3
347,Иван Кузнецов,7,Пермь,89,77,14
348,Саша Зайцев,10,Москва,72,69,12
349,Егор Новиков,11,Санкт-Петербург,39,60,5
350,Петя Морозов,7,Казань,12,42,6
351,Гоша Кузнецов,8,Москва,90,83,6
352,Яна Соколов,9,Пермь,72,64,12
353,Гоша Виноградов,9,Санкт-Петербург,100,100,14
354,Рита Зайцев,8,Самара,71,81,11
355,София Новиков,9,Санкт-Петербург,70,71,4
356,Егор Попов,8,Казань,58,69,11
357,Юля Соколов,9,Новосибирск,76,75,3
358,Яна Смирнов,11,Москва,29,33,1
359,Таня Семёнов,7,Новосибирск,70,71,14
360,Полина Лебедев,10,Казань,72,84,10
361,Матвей Семёнов,7,Казань,48,62,3
362,Матвей Соколов,8,Казань,56,44,6
363,Полина Лебедев,8,Новосибирск,76,87,12
364,Маша Богданов,8,Екатеринбург,56,64,11
365,Юля Новиков,11,Казань,82,89,7
366,Рита Голубев,8,Санкт-Петербург,64,79,15
367,Петя Волков,7,Москва,16,29,2
368,Артём Иванов,9,Санкт-Петербург,45,48,2
369,Боря Павлов,7,Казань,49,58,12
370,Юля Волков,7,Санкт-Петербург,66,62,2
371,Юля Голубев,10,Новосибирск,94,66,2
372,Рита Голубев,10,Москва,47,51,10
373,Юля Зайцев,8,Москва,35,61,2
374,Зоя Петров,10,Новосибирск,28,32,5
375,Зоя Новиков,11,Самара,65,72,1
376,Женя Богданов,11,Москва,60,47,5
377,София Виноградов,7,Новосибирск,30,48,3
378,Полина Попов,11,Санкт-Петербург,74,87,9
379,Лев Богданов,10,Екатеринбург,62,51,3
380,Матвей Воробьёв,9,Москва,78,77,13
381,Тимур Петров,8,Санкт-Петербург,78,78,1
382,Боря Воробьёв,11,Москва,85,97,15
383,Боря Голубев,7,Новосибирск,,61,6
384,Кирилл Петров,8,Москва,42,48,1
385,Кирилл Голубев,10,Тверь,53,80,14
386,Артём Попов,11,Казань,65,74,6
387,Зоя Новиков,8,Самара,40,44,2
388,Иван Фёдоров,8,Пермь,43,61,4
389,Артём Попов,7,Екатеринбург,48,51,5
390,Вера Кузнецов,10,Тверь,93,100,6
391,Лиза Лебедев,10,Санкт-Петербург,54,55,6
392,Артём Богданов,10,Москва,40,34,5
393,Никита Новиков,9,Москва,68,62,13
394,Лиза Зайцев,8,Москва,88,86,14
395,Женя Новиков,10,Санкт-Петербург,64,67,13
396,Иван Смирнов,7,Санкт-Петербург,73,89,15
397,Иван Петров,7,Пермь,73,77,12
398,Лев Фёдоров,9,Тверь,61,69,8
399,Женя Богданов,11,Москва,76,55,13
400,Ульяна Михайлов,11,Санкт-Петербург,58,68,8
401,Гоша Кузнецов,10,Москва,85,75,11
402,Ульяна Зайцев,11,Тверь,78,75,5
403,Катя Новиков,10,Санкт-Петербург,76,65,7
404,София Смирнов,10,Москва,78,87,4
405,Юля Воробьёв,11,Москва,82,89,15
406,Саша Зайцев,9,Москва,65,83,14
407,Юля Кузнецов,7,Москва,59,74,15
408,Саша Козлов,7,Новосибирск,81,83,5
409,Петя Голубев,10,Москва,74,,13
410,Саша Морозов,7,Москва,93,91,14
411,Таня Михайлов,10,Екатеринбург,44,55,3
412,Катя Соколов,7,Новосибирск,42,45,3
413,Гоша Лебедев,8,Екатеринбург,44,52,7
414,Аня Голубев,9,Казань,55,54,8
415,Боря Лебедев,8,Москва,64,63,7
416,Никита Смирнов,10,Санкт-Петербург,44,56,2
417,Таня Иванов,11,Новосибирск,66,53,10
418,Ульяна Кузнецов,10,Москва,66,72,12
419,Даша Михайлов,9,Москва,46,51,3
420,Кирилл Воробьёв,11,Москва,64,52,9
421,Аня Морозов,7,Тверь,81,97,14
422,Лев Фёдоров,9,Новосибирск,98,,13
423,Лиза Виноградов,8,Новосибирск,31,20,5
424,Тимур Кузнецов,7,Тверь,,88,8
425,Артём Смирнов,11,Санкт-Петербург,84,77,15
426,Маша Воробьёв,7,Екатеринбург,73,85,9
427,Зоя Кузнецов,10,Москва,68,68,5
428,София Петров,9,Москва,40,51,2
429,Юля Виноградов,10,Новосибирск,86,90,15
430,Егор Воробьёв,8,Казань,17,34,2
431,Гоша Волков,10,Новосибирск,67,65,4
432,Катя Михайлов,9,Москва,81,63,13
433,Маша Богданов,11,Москва,82,83,7
434,Аня Семёнов,9,Санкт-Петербург,88,90,15
435,Никита Михайлов,8,Тверь,59,80,11
436,Федя Богданов,8,Казань,53,63,9
437,Тимур Зайцев,8,Москва,63,62,10
438,Алиса Голубев,7,Санкт-Петербург,50,49,6
439,Лев Воробьёв,8,Санкт-Петербург,100,84,10
440,Алиса Фёдоров,10,Москва,45,55,2
441,Вера Новиков,11,Москва,70,75,1
442,Тимур Голубев,9,Санкт-Петербург,78,,11
443,София Козлов,8,Новосибирск,43,45,4
444,Никита Лебедев,10,Тверь,90,,10
445,Маша Кузнецов,9,Москва,63,65,11
446,Егор Морозов,10,Казань,87,84,10
447,Гоша Козлов,7,Казань,78,57,5
448,Женя Богданов,11,Казань,50,55,4
449,Матвей Соколов,11,Санкт-Петербург,57,57,6
450,Аня Новиков,10,Новосибирск,53,54,2
451,Егор Козлов,10,Санкт-Петербург,77,76,1
452,Аня Михайлов,8,Москва,61,,1
453,Лиза Кузнецов,11,Самара,62,,8
454,София Виноградов,11,Екатеринбург,94,,14
455,Федя Петров,10,Санкт-Петербург,73,64,5
456,Зоя Семёнов,9,Москва,48,65,5
457,Саша Козлов,9,Москва,60,67,3
458,Вера Богданов,10,Пермь,91,100,13
459,Боря Петров,8,Казань,54,,5
460,Полина Зайцев,7,Москва,66,78,6
461,Боря Богданов,10,Санкт-Петербург,73,58,11
462,Гоша Воробьёв,9,Новосибирск,74,68,9
463,Егор Козлов,10,Казань,78,78,2
464,Аня Михайлов,10,Санкт-Петербург,74,,14
465,Кирилл Богданов,10,Самара,55,61,4
466,Юля Виноградов,10,Москва,57,52,6
467,Артём Богданов,9,Екатеринбург,49,53,7
468,Яна Голубев,10,Новосибирск,65,76,8
469,Иван Соколов,7,Казань,56,64,5
470,Артём Иванов,8,Казань,52,65,2
471,Федя Богданов,9,Новосибирск,40,47,8
472,Рита Соколов,9,Москва,78,63,15
473,Рита Попов,10,Казань,78,66,2
474,Тимур Волков,11,Казань,100,96,14
475,Егор Кузнецов,10,Казань,71,71,6
476,Матвей Новиков,7,Екатеринбург,,62,4
477,Петя Смирнов,9,Москва,81,61,14
478,Федя Виноградов,10,Новосибирск,75,97,7
479,Катя Иванов,8,Новосибирск,26,49,5
480,Матвей Семёнов,11,Новосибирск,82,75,13
481,София Лебедев,10,Москва,74,67,4
482,Артём Смирнов,8,Москва,67,82,11
483,Женя Кузнецов,8,Казань,41,58,1
484,Никита Фёдоров,7,Новосибирск,36,46,5
485,Лев Петров,8,Новосибирск,52,42,2
486,Егор Виноградов,8,Санкт-Петербург,92,77,11
487,Алиса Новиков,8,Пермь,100,92,11
488,Иван Волков,7,Москва,74,78,13
489,Даша Семёнов,9,Екатеринбург,40,54,6
490,Вера Богданов,7,Самара,33,41,3
491,Лиза Виноградов,9,Москва,65,84,9
492,Егор Иванов,9,Самара,75,69,3
493,Артём Новиков,9,Казань,57,,9
494,Аня Виноградов,8,Казань,71,83,7
495,Лиза Волков,8,Москва,75,64,9
496,Вера Голубев,9,Москва,47,52,3
497,Федя Попов,11,Тверь,77,97,13
498,Полина Виноградов,11,Санкт-Петербург,85,92,13
499,Иван Кузнецов,10,Санкт-Петербург,53,67,7
500,Матвей Соколов,10,Казань,74,75,7
501,Женя Козлов,9,Москва,63,81,9
502,Тимур Виноградов,11,Тверь,88,89,12
503,Юля Воробьёв,11,Казань,59,37,1
504,Петя Лебедев,11,Екатеринбург,67,75,12
505,Иван Воробьёв,10,Москва,81,95,12
506,Даша Павлов,10,Санкт-Петербург,62,64,9
507,Кирилл Фёдоров,10,Москва,76,66,12
508,Ульяна Виноградов,7,Москва,90,81,6
509,Маша Морозов,8,Москва,70,55,8
510,Даша Виноградов,9,Москва,60,70,1
511,Рита Козлов,7,Москва,62,39,4
512,Артём Козлов,8,Москва,74,90,14
513,Полина Соколов,9,Казань,41,62,9
514,Алиса Зайцев,10,Москва,42,45,3
515,Лев Виноградов,10,Тверь,59,70,8
516,Никита Соколов,7,Новосибирск,78,65,10
517,Федя Воробьёв,10,Тверь,59,56,3
518,Женя Семёнов,10,Москва,60,,7
519,Женя Виноградов,7,Санкт-Петербург,44,50,2
520,Лев Смирнов,8,Москва,44,39,7
521,Гоша Попов,7,Екатеринбург,40,49,5
522,Егор Соколов,11,Москва,63,68,4
523,Кирилл Волков,9,Москва,42,39,1
524,Петя Голубев,8,Самара,93,83,3
525,Катя Павлов,9,Екатеринбург,95,100,15
526,Оля Иванов,8,Санкт-Петербург,75,78,15
527,Даша Попов,9,Тверь,57,53,6
528,Ульяна Новиков,8,Санкт-Петербург,80,78,8
529,Юля Петров,8,Санкт-Петербург,83,86,12
530,Тимур Попов,10,Санкт-Петербург,100,90,9
531,Саша Виноградов,8,Тверь,62,76,10
532,Матвей Соколов,7,Казань,69,73,14
533,София Новиков,9,Казань,51,45,1
534,Кирилл Павлов,11,Казань,,63,7
535,Женя Петров,8,Санкт-Петербург,85,91,13
536,Вера Новиков,10,Санкт-Петербург,71,91,3
537,Петя Воробьёв,8,Тверь,,39,5
538,Лев Павлов,8,Москва,45,41,2
539,Катя Новиков,8,Москва,51,60,3
540,Даша Новиков,10,Екатеринбург,47,59,12
541,Таня Соколов,9,Москва,81,100,14
542,Рита Новиков,10,Казань,66,67,4
543,Таня Морозов,8,Екатеринбург,56,,5
544,Егор Попов,8,Казань,52,61,10
545,Таня Воробьёв,7,Санкт-Петербург,79,82,5
546,Зоя Фёдоров,8,Екатеринбург,68,68,11
547,Вера Иванов,11,Казань,63,62,7
548,Вера Фёдоров,11,Москва,79,64,9
549,Федя Михайлов,9,Казань,62,71,14
550,Ульяна Фёдоров,7,Москва,34,38,4
551,Юля Лебедев,8,Казань,55,55,11
552,Вера Соколов,10,Москва,92,100,8
553,Яна Виноградов,11,Тверь,61,69,6
554,Катя Иванов,11,Москва,100,100,11
555,Федя Фёдоров,10,Новосибирск,65,74,13
556,Яна Козлов,11,Санкт-Петербург,65,57,6
557,Ульяна Иванов,7,Казань,49,46,9
558,Рита Михайлов,11,Москва,55,46,2
559,Вера Смирнов,9,Новосибирск,80,73,12
560,София Павлов,8,Тверь,41,60,2
561,Артём Фёдоров,11,Москва,41,48,1
562,Лиза Волков,8,Екатеринбург,60,70,10
563,Ульяна Фёдоров,7,Екатеринбург,30,40,1
564,Иван Виноградов,8,Санкт-Петербург,75,67,12
565,Зоя Волков,11,Казань,73,80,1
566,Оля Семёнов,7,Москва,37,45,2
567,Зоя Михайлов,11,Екатеринбург,69,75,13
568,Матвей Виноградов,8,Москва,41,65,3
569,Ульяна Новиков,9,Москва,78,62,11
570,Зоя Фёдоров,10,Москва,60,,5
571,Иван Волков,11,Санкт-Петербург,48,63,2
572,Егор Морозов,9,Пермь,65,79,14
573,Ульяна Семёнов,10,Екатеринбург,93,78,15
574,Полина Иванов,11,Санкт-Петербург,59,64,5
575,Вера Семёнов,11,Новосибирск,73,79,9
576,Кирилл Лебедев,7,Екатеринбург,71,,1
577,Артём Соколов,8,Москва,29,27,7
578,Ульяна Петров,11,Москва,85,,11
579,Федя Козлов,9,Тверь,67,61,12
580,Юля Голубев,11,Казань,100,,14
581,Ульяна Петров,9,Москва,54,44,8
582,Саша Зайцев,7,Москва,63,60,5
583,Рита Иванов,7,Москва,64,74,14
584,Алиса Новиков,7,Санкт-Петербург,74,66,14
585,Таня Соколов,9,Санкт-Петербург,53,45,5
586,Боря Голубев,8,Екатеринбург,53,43,6
587,Вера Смирнов,9,Москва,66,67,6
588,Юля Виноградов,10,Москва,59,49,4
589,Полина Воробьёв,11,Новосибирск,60,57,6
590,Иван Семёнов,10,Москва,81,84,15
591,Никита Михайлов,10,Екатеринбург,47,73,5
592,Лев Голубев,7,Тверь,76,88,13
593,Юля Семёнов,10,Пермь,,91,15
594,Лиза Зайцев,10,Казань,81,71,14
595,Юля Михайлов,10,Санкт-Петербург,57,90,8
596,Зоя Семёнов,8,Москва,39,60,6
597,Яна Богданов,8,Пермь,88,91,13
598,Вера Кузнецов,7,Санкт-Петербург,70,73,1
599,Никита Новиков,7,Москва,55,52,3
600,Тимур Павлов,11,Казань,78,69,5
601,Рита Смирнов,10,Казань,67,80,15
602,Никита Фёдоров,7,Самара,45,42,2
603,Вера Воробьёв,11,Санкт-Петербург,72,74,4
604,Лиза Семёнов,10,Санкт-Петербург,63,82,9
605,Артём Голубев,8,Самара,77,89,13
606,Таня Козлов,8,Москва,82,64,13
607,София Морозов,11,Санкт-Петербург,75,76,8
608,Боря Богданов,10,Казань,,71,1
609,Федя Воробьёв,9,Санкт-Петербург,60,66,7
610,Лиза Смирнов,8,Москва,72,65,13
611,Лев Павлов,11,Москва,59,47,3
612,Ульяна Фёдоров,10,Новосибирск,68,80,2
613,Федя Морозов,10,Москва,69,73,4
614,Лев Попов,9,Санкт-Петербург,64,85,12
615,Вера Семёнов,7,Москва,,74,12
616,Матвей Богданов,10,Тверь,72,71,14
617,Рита Иванов,10,Санкт-Петербург,74,73,8
618,Ульяна Попов,9,Москва,93,83,15
619,Таня Виноградов,8,Санкт-Петербург,73,,11
620,Ульяна Соколов,11,Екатеринбург,100,97,13
621,Лев Голубев,9,Новосибирск,73,73,7
622,София Козлов,11,Санкт-Петербург,82,71,8
623,Артём Голубев,9,Москва,51,58,11
624,Федя Смирнов,10,Москва,67,61,4
625,Женя Голубев,7,Новосибирск,100,100,12
626,Аня Виноградов,8,Москва,62,56,4
627,Вера Михайлов,10,Пермь,73,73,9
628,Федя Лебедев,9,Казань,39,44,7
629,Матвей Новиков,9,Новосибирск,38,54,6
630,Егор Соколов,7,Казань,72,68,14
631,Аня Морозов,9,Пермь,55,60,6
632,Маша Зайцев,11,Казань,69,84,8
633,Катя Морозов,9,Казань,81,93,13
634,Ульяна Богданов,10,Москва,68,66,9
635,Гоша Воробьёв,7,Новосибирск,74,83,9
636,Лев Петров,11,Казань,69,67,14
637,Ульяна Лебедев,9,Казань,47,49,7
638,Ульяна Зайцев,7,Казань,66,72,3
639,Егор Попов,10,Пермь,100,98,7
640,Иван Смирнов,8,Казань,59,81,12
641,Петя Смирнов,10,Москва,76,71,5
642,Тимур Иванов,7,Тверь,48,58,7
643,Иван Фёдоров,9,Москва,63,48,4
644,Даша Михайлов,11,Тверь,69,85,10
645,Никита Попов,10,Пермь,60,59,4
646,Ульяна Михайлов,8,Новосибирск,66,60,1
647,Саша Зайцев,9,Санкт-Петербург,63,78,15
648,Ульяна Павлов,9,Екатеринбург,51,71,9
649,Полина Фёдоров,11,Санкт-Петербург,61,57,2
650,Аня Козлов,10,Новосибирск,50,64,6
651,Женя Иванов,9,Санкт-Петербург,53,69,2
652,Боря Иванов,11,Самара,75,85,14
653,Матвей Соколов,8,Казань,56,73,12
654,Саша Соколов,8,Москва,58,67,8
655,Даша Богданов,8,Санкт-Петербург,44,62,5
656,Маша Козлов,11,Екатеринбург,50,39,2
657,Рита Лебедев,7,Казань,71,61,10
658,Алиса Виноградов,7,Санкт-Петербург,57,52,4
659,Боря Новиков,7,Казань,,90,15
660,Артём Новиков,9,Екатеринбург,58,67,9
661,Рита Павлов,10,Санкт-Петербург,100,100,11
662,Ульяна Попов,7,Екатеринбург,78,79,9
663,Яна Фёдоров,7,Екатеринбург,86,77,13
664,Петя Попов,8,Новосибирск,51,49,11
665,Даша Попов,10,Казань,52,61,2
666,Женя Соколов,11,Санкт-Петербург,86,96,6
667,Полина Петров,9,Тверь,71,70,8
668,Гоша Новиков,8,Москва,79,99,13
669,Катя Иванов,9,Москва,74,65,8
670,Никита Голубев,11,Самара,83,66,12
671,Саша Богданов,10,Санкт-Петербург,57,62,9
672,Вера Михайлов,7,Новосибирск,55,68,13
673,Рита Михайлов,11,Екатеринбург,59,70,12
674,Лев Богданов,8,Екатеринбург,75,59,12
675,Рита Лебедев,9,Москва,52,53,12
676,Полина Голубев,7,Москва,92,100,15
677,Полина Соколов,7,Тверь,83,71,8
678,Алиса Михайлов,9,Санкт-Петербург,54,71,4
679,Боря Кузнецов,11,Екатеринбург,56,88,2
680,Катя Богданов,11,Москва,70,65,9
681,Иван Воробьёв,7,Самара,76,79,12
682,Иван Зайцев,11,Новосибирск,100,98,11
683,Маша Соколов,11,Санкт-Петербург,92,75,4
684,Лиза Смирнов,10,Москва,,68,5
685,Федя Смирнов,11,Казань,89,,13
686,Федя Козлов,8,Тверь,68,68,12
687,Лиза Зайцев,9,Санкт-Петербург,77,68,12
688,Рита Павлов,7,Пермь,66,61,7
689,Федя Иванов,8,Санкт-Петербург,61,68,14
690,Иван Семёнов,7,Екатеринбург,40,57,5
691,Оля Волков,11,Санкт-Петербург,53,65,11
692,Полина Фёдоров,8,Санкт-Петербург,58,51,7
693,Саша Морозов,8,Тверь,66,67,9
694,Таня Богданов,8,Москва,77,80,15
695,Федя Петров,11,Новосибирск,74,63,4
696,Боря Воробьёв,8,Москва,79,83,10
697,Вера Смирнов,10,Екатеринбург,71,70,13
698,Рита Павлов,9,Москва,39,34,7
699,Юля Зайцев,10,Тверь,74,76,9
700,Саша Козлов,9,Казань,16,33,4
701,Ульяна Попов,9,Казань,64,51,3
702,Егор Петров,8,Новосибирск,68,49,5
703,Иван Зайцев,8,Пермь,37,52,7
704,Федя Павлов,11,Москва,75,83,5
705,Юля Голубев,9,Москва,55,44,2
706,Маша Соколов,10,Москва,89,81,2
707,Егор Михайлов,11,Санкт-Петербург,50,56,5
708,Ульяна Богданов,8,Москва,50,70,8
709,Оля Семёнов,7,Москва,60,66,14
710,Маша Козлов,9,Москва,58,67,7
711,Гоша Фёдоров,11,Москва,76,86,15
712,Женя Михайлов,11,Москва,61,59,7
713,Алиса Морозов,10,Пермь,97,98,13
714,Рита Семёнов,11,Казань,50,67,7
715,Тимур Морозов,8,Москва,74,84,12
716,Кирилл Голубев,9,Казань,85,86,14
717,Яна Воробьёв,9,Москва,74,83,13
718,Лев Кузнецов,11,Новосибирск,66,62,5
719,Гоша Соколов,10,Екатеринбург,61,49,3
720,Артём Кузнецов,11,Москва,60,67,5
721,Иван Лебедев,8,Москва,61,66,7
722,Таня Морозов,10,Санкт-Петербург,47,68,4
723,Боря Михайлов,11,Москва,38,69,3
724,Рита Соколов,10,Санкт-Петербург,59,67,5
725,Яна Кузнецов,11,Москва,96,100,12
726,Ульяна Виноградов,9,Москва,53,57,6
727,Саша Виноградов,11,Тверь,56,68,4
728,Рита Петров,11,Санкт-Петербург,44,46,3
729,Полина Новиков,8,Новосибирск,61,59,2
730,Гоша Волков,11,Москва,56,64,1
731,Алиса Попов,11,Москва,71,80,8
732,Лиза Морозов,11,Тверь,42,44,7
733,Полина Козлов,7,Москва,88,75,9
734,Юля Лебедев,8,Москва,65,,4
735,Кирилл Виноградов,9,Казань,79,95,15
736,Боря Виноградов,10,Екатеринбург,87,75,9
737,Женя Зайцев,10,Казань,83,77,13
738,Оля Морозов,10,Тверь,76,70,9
739,Рита Павлов,8,Новосибирск,73,76,3
740,Матвей Воробьёв,7,Москва,45,35,1
741,Юля Михайлов,8,Москва,57,57,5
742,Кирилл Козлов,9,Москва,70,89,11
743,София Попов,9,Москва,72,98,11
744,Вера Волков,9,Екатеринбург,42,38,3
745,Федя Михайлов,7,Санкт-Петербург,67,57,3
746,Лиза Голубев,8,Москва,44,43,3
747,Оля Павлов,7,Москва,36,44,12
748,Даша Кузнецов,8,Екатеринбург,62,66,13
749,Вера Фёдоров,10,Самара,74,70,10
750,Маша Новиков,8,Новосибирск,,80,12
751,Юля Волков,7,Казань,64,36,2
752,Федя Павлов,10,Тверь,68,,13
753,Лев Попов,10,Москва,33,63,10
754,Женя Морозов,8,Тверь,58,73,6
755,Алиса Михайлов,11,Казань,73,90,10
756,Оля Морозов,9,Санкт-Петербург,41,38,1
757,Маша Зайцев,10,Москва,89,84,15
758,Алиса Михайлов,11,Тверь,100,79,15
759,София Соколов,11,Москва,69,50,6
760,Вера Воробьёв,9,Санкт-Петербург,73,62,9
761,Аня Козлов,9,Санкт-Петербург,,79,11
762,Кирилл Козлов,10,Екатеринбург,50,53,7
763,Яна Михайлов,7,Самара,73,56,1
764,Матвей Зайцев,10,Казань,,89,10
765,Федя Морозов,8,Москва,53,61,8
766,Алиса Кузнецов,11,Казань,87,89,14
767,Женя Голубев,11,Казань,100,90,15
768,Даша Михайлов,10,Санкт-Петербург,59,68,8
769,Тимур Михайлов,9,Казань,100,92,12
770,Яна Петров,9,Москва,80,73,12
771,Матвей Соколов,8,Екатеринбург,68,59,2
772,Маша Голубев,8,Москва,69,73,10
773,Матвей Волков,10,Санкт-Петербург,93,100,10
774,Аня Михайлов,8,Санкт-Петербург,47,52,2
775,Артём Попов,8,Казань,63,89,11
776,Маша Козлов,10,Санкт-Петербург,56,69,9
777,Алиса Михайлов,7,Самара,47,52,8
778,Оля Семёнов,11,Москва,54,64,7
779,Рита Голубев,10,Самара,31,55,2
780,Маша Волков,9,Казань,61,73,4
781,Аня Зайцев,9,Новосибирск,77,60,11
782,Алиса Попов,10,Москва,72,85,10
783,Таня Козлов,8,Казань,66,70,8
784,София Смирнов,7,Москва,59,57,3
785,Никита Воробьёв,7,Екатеринбург,63,57,5
786,Катя Соколов,7,Санкт-Петербург,66,78,7
787,Матвей Фёдоров,7,Новосибирск,70,77,11
788,Яна Богданов,10,Москва,71,62,13
789,Алиса Семёнов,7,Пермь,75,74,12
790,Рита Богданов,9,Москва,52,62,6
791,Лиза Волков,9,Санкт-Петербург,77,65,2
792,Петя Соколов,11,Санкт-Петербург,64,88,3
793,Катя Волков,10,Казань,53,79,7
794,Даша Козлов,8,Казань,65,60,8
795,Алиса Морозов,11,Казань,47,68,6
796,Оля Семёнов,8,Новосибирск,86,84,13
797,Катя Виноградов,10,Москва,88,79,15
798,Саша Смирнов,9,Москва,66,83,2
799,Маша Семёнов,7,Москва,55,59,8
800,Иван Фёдоров,7,Москва,63,74,11
801,Артём Новиков,10,Пермь,91,83,10
802,Вера Воробьёв,8,Новосибирск,50,71,1
803,Зоя Петров,9,Пермь,85,85,9
804,Оля Виноградов,9,Москва,92,94,12
805,Артём Попов,8,Пермь,58,53,2
806,Федя Лебедев,11,Тверь,41,65,5
807,Артём Зайцев,10,Санкт-Петербург,58,61,3
808,Иван Новиков,11,Тверь,73,87,3
809,Алиса Кузнецов,8,Екатеринбург,77,62,12
810,Никита Соколов,9,Москва,68,67,4
811,Полина Волков,7,Москва,67,76,9
812,Вера Кузнецов,10,Казань,50,58,10
813,Женя Виноградов,8,Москва,44,57,1
814,Катя Петров,8,Санкт-Петербург,,81,14
815,Саша Голубев,10,Екатеринбург,37,,3
816,Иван Михайлов,9,Москва,75,82,14
817,Таня Воробьёв,10,Москва,68,57,1
818,Иван Смирнов,7,Самара,51,40,2
819,Артём Кузнецов,9,Пермь,54,49,5
820,Зоя Смирнов,10,Казань,63,87,15
821,Даша Попов,7,Санкт-Петербург,74,74,11
822,Кирилл Лебедев,8,Екатеринбург,64,75,8
823,Лиза Иванов,11,Пермь,100,90,12
824,Федя Морозов,8,Новосибирск,97,79,14
825,Боря Воробьёв,11,Санкт-Петербург,75,63,12
826,Маша Морозов,11,Москва,73,69,14
827,Вера Новиков,9,Москва,51,76,6
828,Катя Морозов,8,Тверь,80,86,10
829,Лев Фёдоров,7,Екатеринбург,47,53,5
830,Саша Попов,7,Москва,65,81,6
831,Боря Лебедев,9,Москва,85,93,10
832,Артём Виноградов,10,Москва,62,64,4
833,Алиса Павлов,8,Москва,55,59,9
834,Егор Зайцев,11,Санкт-Петербург,68,77,13
835,Ульяна Новиков,8,Москва,72,76,9
836,Иван Голубев,7,Казань,72,77,15
837,Вера Павлов,9,Тверь,65,63,6
838,Алиса Воробьёв,9,Самара,53,54,10
839,Юля Новиков,9,Самара,32,46,9
840,Маша Волков,9,Тверь,74,78,7
841,Лев Михайлов,10,Тверь,81,79,11
842,Катя Виноградов,9,Пермь,72,93,11
843,Юля Лебедев,8,Казань,83,90,11
844,Федя Иванов,11,Самара,78,82,8
845,Лиза Соколов,9,Москва,71,70,11
846,Гоша Голубев,10,Москва,74,68,14
847,Полина Зайцев,8,Москва,21,21,1
848,Маша Михайлов,9,Москва,73,85,11
849,Яна Морозов,9,Самара,57,41,13
850,Егор Кузнецов,10,Пермь,54,68,7
851,Саша Зайцев,7,Санкт-Петербург,,,11
852,Яна Лебедев,11,Екатеринбург,53,63,8
853,Тимур Воробьёв,8,Москва,41,69,2
854,Женя Михайлов,10,Екатеринбург,38,41,1
855,Вера Фёдоров,7,Москва,51,46,9
856,Маша Михайлов,7,Москва,80,76,14
857,Егор Петров,7,Москва,45,34,10
858,Катя Голубев,8,Казань,36,36,1
859,Матвей Фёдоров,8,Москва,77,63,15
860,Полина Павлов,10,Санкт-Петербург,48,55,1
861,София Богданов,10,Санкт-Петербург,90,82,9
862,Петя Соколов,8,Москва,51,51,1
863,Рита Петров,7,Екатеринбург,46,59,5
864,Саша Виноградов,7,Казань,68,75,15
865,Даша Богданов,10,Самара,56,57,9
866,Вера Смирнов,7,Самара,58,56,4
867,Лев Павлов,11,Санкт-Петербург,73,51,2
868,Никита Новиков,10,Москва,65,64,10
869,Саша Кузнецов,7,Пермь,84,75,4
870,Артём Кузнецов,8,Москва,80,65,4
871,Кирилл Смирнов,8,Тверь,60,60,12
872,Артём Семёнов,9,Новосибирск,48,59,11
873,Тимур Соколов,10,Казань,85,87,14
874,Ульяна Лебедев,7,Тверь,53,86,10
875,Егор Кузнецов,7,Тверь,87,80,10
876,Даша Михайлов,8,Самара,32,27,1
877,Женя Фёдоров,10,Санкт-Петербург,100,100,13
878,Даша Богданов,7,Пермь,51,54,6
879,Маша Волков,7,Самара,70,80,10
880,Катя Богданов,9,Екатеринбург,79,99,15
881,Егор Голубев,7,Новосибирск,61,76,6
882,Гоша Зайцев,8,Казань,86,79,14
883,Артём Смирнов,7,Тверь,71,68,10
884,Маша Попов,8,Самара,50,45,4
885,Юля Новиков,10,Москва,71,81,11
886,Зоя Михайлов,9,Москва,48,54,8
887,Катя Новиков,10,Новосибирск,46,67,9
888,Лев Лебедев,8,Пермь,39,32,12
889,Ульяна Воробьёв,7,Санкт-Петербург,74,62,12
890,Женя Воробьёв,8,Казань,57,59,3
891,Лев Фёдоров,7,Самара,89,88,11
892,Лев Виноградов,11,Москва,65,59,4
893,Яна Кузнецов,9,Москва,45,54,1
894,Женя Воробьёв,8,Казань,57,71,6
895,Саша Смирнов,11,Санкт-Петербург,61,,3
896,Катя Смирнов,7,Санкт-Петербург,87,100,15
897,Таня Новиков,11,Санкт-Петербург,70,79,15
898,Таня Петров,7,Санкт-Петербург,94,90,9
899,Артём Лебедев,10,Новосибирск,74,85,12
900,Маша Соколов,10,Казань,69,76,12
901,Иван Смирнов,9,Тверь,71,61,7
902,Ульяна Фёдоров,8,Санкт-Петербург,68,74,12
903,Ульяна Зайцев,11,Казань,,80,6
904,Маша Михайлов,10,Пермь,66,80,13
905,Никита Петров,7,Тверь,44,34,4
906,Аня Попов,8,Москва,37,60,6
907,Гоша Виноградов,10,Санкт-Петербург,69,88,14
908,Гоша Соколов,9,Тверь,72,97,9
909,Ульяна Попов,8,Санкт-Петербург,69,70,6
910,Яна Богданов,7,Казань,45,48,5
911,Катя Михайлов,7,Санкт-Петербург,46,40,9
912,Лиза Голубев,9,Самара,62,74,2
913,Тимур Новиков,10,Москва,78,96,12
914,Боря Семёнов,9,Москва,64,72,14
915,Кирилл Голубев,8,Москва,65,81,14
916,Вера Воробьёв,10,Екатеринбург,93,100,12
917,Ульяна Петров,7,Санкт-Петербург,68,66,8
918,Маша Попов,10,Москва,81,68,8
919,Зоя Морозов,8,Москва,40,52,2
920,Таня Соколов,10,Москва,66,60,6
921,Катя Михайлов,11,Екатеринбург,83,85,11
922,Даша Зайцев,8,Санкт-Петербург,46,45,6
923,Кирилл Кузнецов,9,Новосибирск,55,43,5
924,Артём Иванов,11,Москва,74,100,7
925,Алиса Виноградов,11,Екатеринбург,87,79,12
926,Кирилл Лебедев,9,Москва,88,87,9
927,Матвей Новиков,8,Санкт-Петербург,57,70,8
928,Женя Козлов,9,Казань,77,76,12
929,Полина Морозов,8,Санкт-Петербург,37,37,4
930,Даша Иванов,11,Екатеринбург,74,80,2
931,Даша Иванов,9,Самара,68,68,11
932,Ульяна Виноградов,11,Казань,86,56,4
933,Петя Волков,10,Санкт-Петербург,77,96,6
934,Оля Соколов,10,Новосибирск,77,65,14
935,София Виноградов,9,Москва,75,66,10
936,Кирилл Козлов,11,Санкт-Петербург,62,47,5
937,Маша Кузнецов,10,Казань,88,84,7
938,Лев Семёнов,9,Самара,43,55,8
939,Боря Зайцев,8,Санкт-Петербург,58,64,2
940,Вера Новиков,7,Москва,81,81,13
941,Маша Богданов,10,Тверь,57,43,4
942,Матвей Попов,8,Санкт-Петербург,32,69,5
943,Никита Голубев,11,Пермь,44,56,5
944,Никита Козлов,8,Екатеринбург,78,72,9
945,Артём Михайлов,8,Москва,84,81,14
946,Маша Иванов,7,Екатеринбург,47,32,1
947,Боря Павлов,8,Екатеринбург,100,100,11
948,Женя Морозов,11,Санкт-Петербург,94,85,14
949,Гоша Петров,8,Москва,46,51,3
950,Федя Волков,8,Санкт-Петербург,29,38,9
951,Лиза Смирнов,7,Казань,83,74,11
952,Оля Павлов,10,Новосибирск,76,85,12
953,Алиса Богданов,10,Санкт-Петербург,67,55,5
954,Зоя Павлов,11,Казань,55,49,6
955,Полина Смирнов,11,Москва,88,87,5
956,Даша Семёнов,8,Москва,62,74,8
957,Юля Кузнецов,8,Тверь,38,66,12
958,Лев Богданов,8,Москва,58,73,8
959,Катя Соколов,9,Москва,68,60,7
960,Алиса Соколов,11,Тверь,52,47,2
961,Зоя Волков,7,Москва,47,66,12
962,София Семёнов,9,Новосибирск,63,58,15
963,Кирилл Виноградов,9,Казань,79,41,1
964,Даша Соколов,8,Новосибирск,38,35,3
965,Яна Голубев,11,Санкт-Петербург,63,,14
966,Аня Кузнецов,8,Казань,62,66,4
967,Таня Иванов,10,Тверь,61,66,2
968,Матвей Павлов,8,Москва,40,50,3
969,Кирилл Воробьёв,7,Новосибирск,68,79,14
970,Боря Фёдоров,7,Казань,36,30,2
971,Женя Морозов,9,Санкт-Петербург,90,100,11
972,Зоя Смирнов,10,Новосибирск,57,67,14
973,Маша Морозов,8,Москва,66,70,13
974,Кирилл Иванов,7,Санкт-Петербург,45,52,3
975,Катя Воробьёв,11,Казань,98,100,10
976,Гоша Новиков,8,Москва,64,60,11
977,Тимур Кузнецов,11,Москва,69,76,10
978,Тимур Морозов,9,Москва,85,,14
979,Полина Голубев,11,Новосибирск,66,89,9
980,Лев Иванов,11,Пермь,71,67,10
981,Лев Богданов,9,Пермь,41,41,3
982,Лев Фёдоров,9,Санкт-Петербург,40,41,1
983,Лев Петров,7,Москва,47,49,11
984,Рита Новиков,11,Москва,57,65,4
985,Зоя Воробьёв,10,Казань,61,66,4
986,Зоя Морозов,9,Тверь,62,76,13
987,Даша Михайлов,11,Санкт-Петербург,94,85,15
988,Вера Попов,7,Казань,61,51,1
989,Зоя Богданов,9,Новосибирск,47,49,4
990,Маша Павлов,10,Санкт-Петербург,74,85,4
991,Петя Фёдоров,11,Санкт-Петербург,89,96,15
992,Петя Козлов,10,Екатеринбург,77,80,5
993,Таня Соколов,11,Новосибирск,67,68,6
994,Кирилл Козлов,10,Новосибирск,95,76,12
995,Женя Попов,10,Санкт-Петербург,59,68,4
996,Яна Соколов,8,Москва,77,87,11
997,Тимур Волков,10,Санкт-Петербург,60,49,13
998,Аня Павлов,9,Москва,76,79,6
999,Вера Зайцев,10,Новосибирск,48,64,4
1000,Зоя Волков,9,Казань,59,51,5
1001,Кирилл Богданов,10,Тверь,97,69,13
1002,Оля Морозов,10,Москва,81,64,8
1003,Лев Волков,7,Казань,91,69,9
1004,Саша Морозов,10,Санкт-Петербург,71,74,10
1005,Катя Фёдоров,9,Екатеринбург,80,79,10
1006,Катя Козлов,10,Казань,74,81,11
1007,Петя Петров,8,Санкт-Петербург,73,58,10
1008,Полина Михайлов,11,Москва,90,86,12
1009,Рита Соколов,10,Москва,59,52,2
1010,Егор Волков,11,Санкт-Петербург,100,88,14
1011,Матвей Голубев,8,Екатеринбург,58,86,2
1012,Ульяна Павлов,8,Москва,40,54,2
1013,Вера Михайлов,8,Санкт-Петербург,43,38,4
1014,Даша Морозов,9,Санкт-Петербург,55,62,2
1015,Даша Козлов,11,Екатеринбург,84,80,7
1016,Тимур Михайлов,10,Новосибирск,64,59,5
1017,Иван Волков,9,Тверь,90,98,15
1018,Даша Петров,8,Москва,88,82,13
1019,Егор Воробьёв,9,Москва,51,60,8
1020,Даша Смирнов,9,Казань,85,70,6
1021,Даша Волков,11,Екатеринбург,70,65,14
1022,Алиса Фёдоров,10,Новосибирск,60,62,1
1023,Артём Лебедев,9,Тверь,29,26,1
1024,Матвей Михайлов,10,Екатеринбург,96,99,10
1025,Тимур Голубев,8,Москва,78,87,14
1026,Вера Соколов,9,Москва,66,61,7
1027,Лев Иванов,9,Казань,83,77,5
1028,Катя Голубев,10,Новосибирск,91,86,15
1029,Федя Попов,7,Новосибирск,32,29,1
1030,Яна Иванов,8,Москва,56,48,2
1031,Маша Морозов,8,Казань,74,75,13
1032,Вера Воробьёв,8,Екатеринбург,82,67,13
1033,Рита Фёдоров,8,Москва,71,60,4
1034,Боря Кузнецов,7,Казань,74,61,11
1035,Маша Соколов,8,Санкт-Петербург,53,57,3
1036,Гоша Павлов,11,Тверь,57,72,10
1037,Вера Волков,7,Новосибирск,81,84,7
1038,Петя Козлов,11,Москва,73,78,5
1039,Тимур Богданов,10,Пермь,56,82,4
1040,Кирилл Морозов,8,Самара,51,51,5
1041,Егор Кузнецов,8,Санкт-Петербург,59,72,12
1042,Боря Зайцев,10,Казань,59,49,5
1043,Матвей Попов,7,Екатеринбург,38,49,6
1044,Аня Лебедев,9,Казань,81,87,1
1045,Женя Новиков,11,Москва,81,75,15
1046,Матвей Богданов,7,Тверь,72,87,10
1047,Алиса Новиков,8,Новосибирск,47,54,6
1048,Рита Кузнецов,9,Екатеринбург,74,50,7
1049,Боря Козлов,8,Новосибирск,29,29,3
1050,Матвей Лебедев,11,Пермь,73,54,13
1051,Федя Попов,10,Москва,73,67,3
1052,Маша Новиков,11,Москва,52,65,6
1053,Вера Фёдоров,9,Москва,72,64,13
1054,Саша Воробьёв,11,Екатеринбург,88,96,14
1055,Катя Петров,9,Самара,58,79,14
1056,Егор Новиков,8,Самара,14,32,4
1057,Даша Павлов,10,Санкт-Петербург,73,86,13
1058,Маша Морозов,7,Санкт-Петербург,64,,2
1059,Таня Семёнов,10,Самара,76,68,10
1060,Федя Иванов,7,Екатеринбург,76,82,15
1061,Лев Лебедев,10,Москва,55,61,5
1062,Вера Соколов,11,Москва,82,67,7
1063,Ульяна Богданов,7,Москва,53,65,7
1064,Женя Соколов,11,Москва,46,39,1
1065,Лев Голубев,8,Самара,64,70,14
1066,Зоя Богданов,7,Пермь,65,67,1
1067,Полина Новиков,7,Самара,,50,8
1068,Полина Козлов,7,Москва,83,96,11
1069,Саша Голубев,10,Екатеринбург,79,88,11
1070,Тимур Павлов,11,Казань,75,,1
1071,Оля Морозов,7,Москва,61,51,13
1072,Петя Козлов,11,Пермь,81,89,12
1073,София Воробьёв,7,Самара,23,20,3
1074,София Голубев,9,Санкт-Петербург,58,68,5
1075,Саша Лебедев,10,Казань,,67,8
1076,Юля Соколов,10,Москва,61,67,14
1077,Яна Голубев,11,Москва,,79,12
1078,Гоша Михайлов,8,Москва,74,70,5
1079,Женя Михайлов,9,Санкт-Петербург,57,60,14
1080,Егор Кузнецов,10,Москва,64,80,7
1081,Гоша Козлов,7,Тверь,21,23,10
1082,София Козлов,7,Казань,73,89,15
1083,Маша Морозов,8,Москва,57,63,7
1084,Алиса Иванов,7,Санкт-Петербург,53,57,6
1085,Даша Волков,9,Екатеринбург,68,87,13
1086,Оля Попов,9,Москва,47,58,6
1087,Лев Кузнецов,11,Тверь,56,72,3
1088,Лев Козлов,10,Самара,,69,15
1089,Боря Фёдоров,9,Москва,55,73,10
1090,Катя Волков,10,Тверь,55,,1
1091,Юля Смирнов,7,Москва,61,,9
1092,Боря Козлов,9,Москва,71,81,8
1093,Катя Воробьёв,11,Тверь,72,80,9
1094,Катя Фёдоров,8,Казань,55,76,6
1095,Тимур Воробьёв,9,Москва,43,47,3
1096,Гоша Волков,9,Казань,65,54,1
1097,Яна Зайцев,11,Казань,58,78,7
1098,Федя Воробьёв,7,Санкт-Петербург,62,75,10
1099,Даша Иванов,8,Москва,74,,15
1100,Яна Кузнецов,10,Санкт-Петербург,77,72,15
1101,София Фёдоров,7,Москва,,85,12
1102,Никита Соколов,11,Санкт-Петербург,66,75,12
1103,Гоша Морозов,11,Москва,77,93,11
1104,Иван Михайлов,10,Самара,95,100,6
1105,Оля Попов,10,Новосибирск,49,39,4
1106,Аня Новиков,8,Казань,72,91,11
1107,Юля Иванов,7,Тверь,56,53,6
1108,Вера Павлов,9,Новосибирск,74,87,8
1109,Аня Попов,8,Москва,100,,12
1110,Полина Волков,7,Тверь,50,63,10
1111,Рита Лебедев,8,Санкт-Петербург,76,69,3
1112,Матвей Павлов,11,Санкт-Петербург,64,78,5
1113,Маша Иванов,11,Санкт-Петербург,79,77,5
1114,Ульяна Морозов,10,Москва,69,70,12
1115,Рита Зайцев,8,Новосибирск,66,55,11
1116,Зоя Голубев,10,Тверь,75,80,4
1117,Полина Богданов,11,Москва,60,51,4
1118,Боря Кузнецов,11,Екатеринбург,74,58,3
1119,Боря Кузнецов,8,Казань,44,53,1
1120,Петя Семёнов,7,Казань,61,58,9
1121,Маша Кузнецов,10,Новосибирск,52,70,8
1122,Маша Богданов,8,Москва,99,,14
1123,Катя Смирнов,10,Москва,57,71,4
1124,Кирилл Иванов,11,Казань,91,98,14
1125,Кирилл Морозов,7,Санкт-Петербург,24,37,9
1126,Саша Волков,7,Новосибирск,55,50,6
1127,Яна Соколов,11,Москва,100,97,14
1128,Таня Кузнецов,11,Екатеринбург,69,,7
1129,Никита Козлов,10,Новосибирск,78,84,2
1130,Женя Голубев,7,Пермь,83,61,14
1131,Катя Семёнов,8,Москва,58,74,11
1132,София Богданов,11,Новосибирск,59,53,2
1133,Иван Михайлов,9,Санкт-Петербург,88,88,10
1134,Федя Богданов,7,Санкт-Петербург,66,70,12
1135,Никита Петров,7,Санкт-Петербург,74,82,8
1136,Артём Соколов,7,Санкт-Петербург,37,62,8
1137,Егор Зайцев,8,Санкт-Петербург,60,,11
1138,Женя Семёнов,7,Санкт-Петербург,55,58,2
1139,Федя Фёдоров,10,Казань,40,47,3
1140,Аня Виноградов,8,Санкт-Петербург,,98,15
1141,Гоша Петров,10,Казань,78,70,9
1142,Лев Фёдоров,10,Новосибирск,76,92,10
1143,Таня Семёнов,10,Екатеринбург,46,51,4
1144,Артём Попов,11,Санкт-Петербург,74,72,8
1145,Маша Соколов,10,Екатеринбург,55,82,14
1146,Саша Лебедев,8,Екатеринбург,76,72,2
1147,Яна Кузнецов,7,Москва,69,74,12
1148,Яна Петров,7,Санкт-Петербург,39,52,1
1149,Матвей Фёдоров,10,Санкт-Петербург,86,92,14
1150,Аня Волков,11,Казань,66,68,7
1151,Артём Кузнецов,8,Пермь,63,76,7
1152,Таня Фёдоров,7,Санкт-Петербург,79,84,8
1153,Аня Зайцев,7,Санкт-Петербург,73,70,13
1154,Кирилл Новиков,9,Москва,47,42,1
1155,Артём Зайцев,7,Новосибирск,56,72,10
1156,Никита Петров,8,Казань,78,76,6
1157,София Соколов,9,Москва,75,57,15
1158,Егор Козлов,10,Москва,92,96,11
1159,Петя Виноградов,7,Новосибирск,90,98,10
1160,Юля Воробьёв,9,Москва,73,73,11
1161,Аня Зайцев,11,Москва,32,48,2
1162,Женя Семёнов,10,Тверь,91,84,14
1163,Зоя Кузнецов,9,Москва,73,70,5
1164,Таня Зайцев,8,Тверь,91,,13
1165,Юля Виноградов,11,Казань,66,72,15
1166,Федя Новиков,8,Самара,25,35,1
1167,Лиза Фёдоров,9,Москва,69,82,6
1168,Артём Фёдоров,9,Москва,55,69,3
1169,Алиса Виноградов,7,Казань,,70,7
1170,Таня Голубев,11,Москва,91,100,13
1171,Артём Фёдоров,9,Москва,52,46,5
1172,Даша Морозов,10,Москва,62,70,1
1173,Юля Голубев,10,Екатеринбург,86,86,11
1174,София Смирнов,10,Тверь,100,100,14
1175,Лев Петров,8,Казань,34,45,2
1176,Катя Семёнов,11,Москва,73,100,11
1177,Вера Козлов,11,Екатеринбург,66,62,8
1178,Маша Семёнов,8,Казань,66,74,11
1179,Полина Смирнов,7,Санкт-Петербург,61,,7
1180,Федя Петров,11,Санкт-Петербург,50,64,1
1181,Даша Иванов,8,Санкт-Петербург,61,44,7
1182,Саша Зайцев,10,Москва,85,74,6
1183,Аня Семёнов,10,Самара,73,52,4
1184,Яна Кузнецов,11,Санкт-Петербург,62,88,9
1185,Тимур Петров,11,Москва,69,81,10
1186,Юля Кузнецов,8,Санкт-Петербург,42,38,7
1187,Оля Морозов,7,Тверь,64,84,5
1188,Таня Попов,11,Москва,82,76,13
1189,Боря Попов,8,Санкт-Петербург,40,51,9
1190,Даша Иванов,11,Пермь,84,77,12
1191,Женя Петров,11,Екатеринбург,62,71,4
1192,Лев Павлов,11,Москва,52,61,8
1193,Яна Новиков,9,Москва,80,88,12
1194,Артём Новиков,8,Москва,60,74,3
1195,Матвей Лебедев,7,Казань,56,57,7
1196,Катя Михайлов,7,Тверь,62,67,7
1197,Зоя Петров,11,Москва,67,76,14
1198,Саша Зайцев,7,Екатеринбург,,78,12
1199,Оля Михайлов,9,Москва,80,67,10
1200,Яна Иванов,7,Москва,77,75,13
